date,location,total_vaccinations,total_distributed,people_vaccinated,people_fully_vaccinated_per_hundred,total_vaccinations_per_hundred,people_fully_vaccinated,people_vaccinated_per_hundred,distributed_per_hundred,daily_vaccinations_raw,daily_vaccinations,daily_vaccinations_per_million,share_doses_used,total_boosters,total_boosters_per_hundred
15/01/2021,Alabama,100567,444650,86956,0.28,2.05,13488,1.77,9.07,8267,7478,1525,0.226,,
15/02/2021,Alabama,,,,,,,,,,22405,4569,,,
15/03/2021,Alabama,1306419,1918560,854302,10.22,26.64,501344,17.42,39.13,7807,27106,5528,0.681,,
15/04/2021,Alabama,2207392,3516420,1442051,18.21,45.02,893002,29.41,71.72,38501,33007,6732,0.628,,
15/05/2021,Alabama,2881314,4373130,1697289,27.49,58.76,1348023,34.62,89.19,21723,17613,3592,0.659,,
15/06/2021,Alabama,3129657,4686280,1816769,30.62,63.83,1501171,37.05,95.58,1545,13261,2705,0.668,,
15/07/2021,Alabama,3448153,4895780,2009200,33.55,70.32,1645083,40.98,99.85,13654,6524,1331,0.704,,
15/08/2021,Alabama,3792348,5554810,2275050,35.38,77.34,1734722,46.4,113.29,22914,13252,2703,0.683,,
15/09/2021,Alabama,4342220,6485880,2520979,40.55,88.56,1988025,51.42,132.28,12692,12798,2610,0.669,,
15/10/2021,Alabama,4677864,6916550,2622428,43.79,95.4,2147033,53.48,141.06,8241,7567,1543,0.676,50387,1.03
15/11/2021,Alabama,5056706,7679330,2718301,45.48,103.13,2230181,55.44,156.62,9885,12179,2484,0.658,256328,5.23
15/12/2021,Alabama,5460176,8050350,2828316,47.01,111.36,2304915,57.68,164.19,10971,12461,2541,0.678,480227,9.79
15/01/2021,Alaska,49039,150450,39546,1.29,6.7,9406,5.41,20.57,6443,4400,6015,0.326,,
15/02/2021,Alaska,,,,,,,,,,5212,7125,,,
15/03/2021,Alaska,337141,472395,205256,18.12,46.09,132532,28.06,64.57,3784,5571,7615,0.714,,
15/04/2021,Alaska,499815,729305,284193,30.79,68.32,225221,38.85,99.69,73,8075,11038,0.685,,
15/05/2021,Alaska,583641,792755,318593,37.68,79.78,275681,43.55,108.37,2860,1760,2406,0.736,,
15/06/2021,Alaska,633467,822445,346864,41.15,86.59,301029,47.42,112.43,899,1443,1973,0.77,,
15/07/2021,Alaska,685764,842105,370116,44.74,93.74,327289,50.59,115.11,1011,918,1255,0.814,,
15/08/2021,Alaska,709232,882985,385053,46.18,96.95,337807,52.64,120.7,74,725,991,0.803,,
15/09/2021,Alaska,759522,1006435,410256,48.54,103.82,355111,56.08,137.58,1204,1710,2338,0.755,24660,3.37
15/10/2021,Alaska,823566,1108945,426234,51.53,112.58,376935,58.26,151.59,2863,1904,2603,0.743,53251,7.28
15/11/2021,Alaska,920191,1240245,447338,53.5,125.79,391340,61.15,169.54,2739,3242,4432,0.742,116633,15.94
15/12/2021,Alaska,998574,1311475,469553,55.67,136.5,407250,64.19,179.27,1995,2302,3147,0.761,158349,21.65
15/01/2021,Arizona,197086,571725,176213,0.29,2.71,20837,2.42,7.85,23421,18577,2552,0.345,,
15/02/2021,Arizona,,,,,,,,,,40122,5512,,,
15/03/2021,Arizona,2605621,3024585,1629972,12.55,35.8,913522,22.39,41.55,47991,55772,7662,0.861,,
15/04/2021,Arizona,4306602,5476875,2635334,22.95,59.17,1670496,36.21,75.25,55812,57918,7957,0.786,,
15/05/2021,Arizona,5558091,7465065,3157721,33.24,76.36,2419252,43.38,102.56,36695,31519,4330,0.745,,
15/06/2021,Arizona,6236785,7946275,3495144,38.13,85.69,2775508,48.02,109.17,15583,18926,2600,0.785,,
15/07/2021,Arizona,6918832,8277360,3752339,44.26,95.06,3221874,51.55,113.72,10997,10840,1489,0.836,,
15/08/2021,Arizona,7323382,8881820,4001959,46.43,100.61,3379160,54.98,122.02,14535,16307,2240,0.825,,
15/09/2021,Arizona,8012829,9655990,4238085,49.9,110.09,3632266,58.23,132.66,11063,13615,1871,0.83,416206,5.72
15/10/2021,Arizona,8483111,10301590,4385129,52.12,116.55,3793586,60.25,141.53,18966,16091,2211,0.823,589446,8.1
15/11/2021,Arizona,9195974,11456920,4555875,53.97,126.34,3928142,62.59,157.4,29688,27753,3813,0.803,1010629,13.88
15/12/2021,Arizona,10107688,12240490,4801858,56.11,138.87,4084304,65.97,168.17,29706,34076,4682,0.826,1532555,21.06
15/01/2021,Arkansas,118338,297800,97829,0.62,3.92,18781,3.24,9.87,10022,25820,8556,0.397,,
15/02/2021,Arkansas,,,,,,,,,,10903,3613,,,
15/03/2021,Arkansas,892588,1251620,586266,10.38,29.58,313372,19.43,41.47,9958,17033,5644,0.713,,
15/04/2021,Arkansas,1535135,2251270,978137,20.08,50.87,606113,32.41,74.6,26840,22221,7363,0.682,,
15/05/2021,Arkansas,1954605,2720090,1129189,29.04,64.77,876239,37.42,90.13,15607,9848,3263,0.719,,
15/06/2021,Arkansas,2155399,2803630,1229128,32.66,71.42,985595,40.73,92.9,3799,5469,1812,0.769,,
15/07/2021,Arkansas,2304153,2880270,1309002,35.13,76.35,1060174,43.38,95.44,6197,5006,1659,0.8,,
15/08/2021,Arkansas,2623952,3348790,1529378,38.62,86.95,1165348,50.68,110.97,14779,11023,3653,0.784,,
15/09/2021,Arkansas,2923649,3887730,1650867,43.99,96.88,1327589,54.7,128.83,7090,7839,2598,0.752,39277,1.3
15/10/2021,Arkansas,3127432,4207770,1707765,46.68,103.63,1408814,56.59,139.43,6631,6016,1994,0.743,108972,3.61
15/11/2021,Arkansas,3403483,4743740,1788415,48.75,112.78,1471272,59.26,157.19,5566,10446,3461,0.717,246354,8.16
15/12/2021,Arkansas,3680723,4981130,1863231,50.44,121.97,1522070,61.74,165.06,242,8724,2891,0.739,401949,13.32
15/01/2021,California,1072959,3548575,865387,0.52,2.72,204374,2.19,8.98,97666,85553,2165,0.302,,
15/02/2021,California,,,,,,,,,,190404,4819,,,
15/03/2021,California,12306608,16376020,8287692,10.13,31.15,4002159,20.98,41.45,423233,214448,5427,0.752,,
15/04/2021,California,24242205,31427050,16125197,22.67,61.35,8959332,40.81,79.54,520979,428384,10842,0.771,,
15/05/2021,California,34715312,44241580,20838068,37.72,87.86,14904046,52.74,111.97,395362,279347,7070,0.785,,
15/06/2021,California,40669793,48312800,23370026,46.84,102.93,18507541,59.15,122.27,130021,148077,3748,0.842,,
15/07/2021,California,43868821,49823455,24865725,51.4,111.03,20309600,62.93,126.1,101382,80247,2031,0.88,,
15/08/2021,California,46466637,52593245,26425744,54.21,117.6,21420762,66.88,133.11,88454,82240,2081,0.884,,
15/09/2021,California,49288453,57200015,27783996,57.4,124.74,22680963,70.32,144.77,80963,84876,2148,0.862,623887,1.58
15/10/2021,California,52292153,60343875,28896158,60.15,132.34,23767443,73.13,152.72,114716,101239,2562,0.867,1506699,3.81
15/11/2021,California,57054577,67802905,30330016,62.33,144.4,24629034,76.76,171.6,452556,205403,5198,0.841,4051877,10.25
15/12/2021,California,,,,,,,,,,146626,3711,,,
15/01/2021,Colorado,272233,531775,223761,0.82,4.73,47021,3.89,9.23,17527,15935,2767,0.512,,
15/02/2021,Colorado,,,,,,,,,,30249,5253,,,
15/03/2021,Colorado,1933717,2345060,1232096,12.51,33.58,720482,21.4,40.72,55078,43751,7597,0.825,,
15/04/2021,Colorado,3583563,4417200,2312508,23.95,62.23,1379177,40.16,76.7,55782,64837,11259,0.811,,
15/05/2021,Colorado,5109459,6403480,2880006,40.55,88.73,2335422,50.01,111.2,44362,41545,7214,0.798,,
15/06/2021,Colorado,5903574,6904110,3235921,48.53,102.52,2794824,56.19,119.89,21911,17898,3108,0.855,,
15/07/2021,Colorado,6331710,7113825,3397206,53.25,109.95,3066574,58.99,123.53,9618,9445,1640,0.89,,
15/08/2021,Colorado,6629016,7408845,3564363,55.54,115.11,3198494,61.89,128.65,9768,10533,1829,0.895,,
15/09/2021,Colorado,6996558,8021295,3717919,58.18,121.49,3350518,64.56,139.29,7871,11831,2054,0.872,185399,3.22
15/10/2021,Colorado,7414710,8531255,3830825,60.49,128.76,3483217,66.52,148.14,15238,14870,2582,0.869,370470,6.43
15/11/2021,Colorado,8182899,9635355,3996263,62.45,142.1,3596545,69.39,167.32,53482,30770,5343,0.849,873972,15.18
15/12/2021,Colorado,9127029,10627255,4212772,65.2,158.49,3754553,73.15,184.54,32333,32781,5692,0.859,1454711,25.26
15/01/2021,Connecticut,185866,328775,166722,0.48,5.21,17162,4.68,9.22,13969,11490,3223,0.565,,
15/02/2021,Connecticut,,,,,,,,,,21501,6031,,,
15/03/2021,Connecticut,1442439,1659085,952509,14.3,40.46,509812,26.72,46.53,30907,30511,8558,0.869,,
15/04/2021,Connecticut,2612551,3247275,1654786,29.7,73.28,1058759,46.41,91.08,40546,47576,13344,0.805,,
15/05/2021,Connecticut,3669074,4238825,2089008,47.63,102.91,1698193,58.59,118.89,31523,27722,7776,0.866,,
15/06/2021,Connecticut,4243320,4645465,2328132,57.56,119.02,2052314,65.3,130.3,18226,14677,4117,0.913,,
15/07/2021,Connecticut,4493769,4792615,2432435,62.02,126.04,2211353,68.23,134.42,6703,5967,1674,0.938,,
15/08/2021,Connecticut,4693787,5084695,2557518,64.45,131.65,2297774,71.73,142.62,7280,7031,1972,0.923,,
15/09/2021,Connecticut,4922785,5492115,2670089,67.35,138.08,2401081,74.89,154.04,5731,7162,2009,0.896,52614,1.48
15/10/2021,Connecticut,5206763,5838045,2765794,69.78,146.04,2487939,77.58,163.75,11586,9774,2741,0.892,160341,4.5
15/11/2021,Connecticut,5717414,6560075,2907505,71.42,160.36,2546336,81.55,184,24399,20238,5676,0.872,477736,13.4
15/12/2021,Connecticut,6374882,7184835,3086161,73.87,178.8,2633582,86.56,201.52,45925,28439,7977,0.887,875808,24.56
15/01/2021,Delaware,31090,91250,25649,0.55,3.19,5354,2.63,9.37,0,1560,1602,0.341,,
15/02/2021,Delaware,,,,,,,,,,3252,3340,,,
15/03/2021,Delaware,333896,422015,208306,12.4,34.29,120782,21.39,43.34,16106,7603,7808,0.791,,
15/04/2021,Delaware,612195,792825,388589,23.54,62.87,229230,39.91,81.42,12513,10796,11087,0.772,,
15/05/2021,Delaware,856073,1122975,490115,38.78,87.91,377646,50.33,115.32,4710,5481,5629,0.762,,
15/06/2021,Delaware,990471,1258695,551054,46.57,101.72,453498,56.59,129.26,3923,3405,3497,0.787,,
15/07/2021,Delaware,1063514,1302555,577058,51.43,109.22,500817,59.26,133.76,1656,1611,1654,0.816,,
15/08/2021,Delaware,1115654,1381315,606921,53.74,114.57,523315,62.33,141.85,25,1563,1605,0.808,,
15/09/2021,Delaware,1176098,1515635,634741,56.5,120.78,550184,65.18,155.65,147,1411,1449,0.776,40570,4.17
15/10/2021,Delaware,1251151,1608695,659706,58.85,128.49,573019,67.75,165.2,2963,2391,2455,0.778,69219,7.11
15/11/2021,Delaware,1349854,1824855,683950,60.52,138.62,589353,70.24,187.4,152,3631,3729,0.74,128593,13.21
15/12/2021,Delaware,1528187,1934125,732187,63.2,156.94,615391,75.19,198.62,18325,5764,5919,0.79,234548,24.09
15/01/2021,Florida,853081,2069175,776430,0.35,3.97,74776,3.62,9.63,78596,73214,3409,0.412,,
15/02/2021,Florida,,,,,,,,,,132271,6159,,,
15/03/2021,Florida,7116355,9145275,4388959,11.42,33.13,2451940,20.43,42.58,8069,173075,8058,0.778,,
15/04/2021,Florida,12550868,17004215,7768818,22.44,58.44,4819498,36.17,79.17,248339,207087,9642,0.738,,
15/05/2021,Florida,17325840,22546275,9809136,35.42,80.67,7607709,45.67,104.98,272958,153406,7143,0.768,,
15/06/2021,Florida,19994471,24284695,11084450,42.69,93.09,9169529,51.61,113.07,75989,99024,4611,0.823,,
15/07/2021,Florida,21687158,25305935,11849710,47.33,100.98,10166351,55.17,117.82,47739,42099,1960,0.857,,
15/08/2021,Florida,23606283,28156095,13134345,50.35,109.91,10813286,61.15,131.09,84442,69997,3259,0.838,,
15/09/2021,Florida,25947973,31717365,14107610,55.41,120.81,11900631,65.68,147.68,57056,64174,2988,0.818,1109606,5.17
15/10/2021,Florida,27656592,33905855,14603834,58.67,128.77,12601523,68,157.87,53662,49318,2296,0.816,1655191,7.71
15/11/2021,Florida,29788323,37506095,15131145,60.57,138.69,13009599,70.45,174.63,77589,89369,4161,0.794,2899073,13.5
15/12/2021,Florida,32476162,40092675,15730503,62.6,151.21,13445468,73.24,186.67,90583,105355,4905,0.81,4589884,21.37
15/01/2021,Georgia,231305,1011200,204301,0.21,2.18,22324,1.92,9.52,0,20245,1907,0.229,,
15/02/2021,Georgia,,,,,,,,,,41120,3873,,,
15/03/2021,Georgia,2790084,3981815,1689912,9.84,26.28,1044640,15.92,37.5,35737,56869,5356,0.701,,
15/04/2021,Georgia,5157520,7828695,3333309,17.29,48.58,1835536,31.39,73.73,95998,87986,8287,0.659,,
15/05/2021,Georgia,7053648,10223535,3971980,29.15,66.43,3095445,37.41,96.29,49024,44683,4208,0.69,,
15/06/2021,Georgia,7939097,10932375,4387213,33.87,74.77,3596274,41.32,102.97,370,1020,96,0.726,,
15/07/2021,Georgia,8628869,11355655,4717320,37.49,81.27,3980303,44.43,106.95,404,11300,1064,0.76,,
15/08/2021,Georgia,9210328,12292995,5106743,39.42,86.75,4185186,48.1,115.78,490,18387,1732,0.749,,
15/09/2021,Georgia,10284452,14040285,5681047,43.53,96.86,4622000,53.51,132.24,163554,24506,2308,0.732,247335,2.33
15/10/2021,Georgia,11076028,15120615,5939989,47,104.32,4990632,55.95,142.41,43656,31442,2961,0.733,422316,3.98
15/11/2021,Georgia,11798447,16772735,6113305,48.8,111.12,5181380,57.58,157.97,116,12898,1215,0.703,790172,7.44
15/12/2021,Georgia,12816855,18007865,6389285,50.19,120.72,5329048,60.18,169.61,47714,37878,3568,0.712,1396259,13.15
15/01/2021,Hawaii,46958,154150,39690,0.51,3.32,7268,2.8,10.89,,4492,3173,0.305,,
15/02/2021,Hawaii,,,,,,,,,,5306,3748,,,
15/03/2021,Hawaii,538235,681200,333759,14.69,38.01,208017,23.57,48.11,10200,12178,8601,0.79,,
15/04/2021,Hawaii,895171,1235470,540705,26.79,63.22,379371,38.19,87.26,13758,13747,9709,0.725,,
15/05/2021,Hawaii,1445098,1657410,861906,43.06,102.06,609688,60.87,117.06,23804,9763,6895,0.872,,
15/06/2021,Hawaii,1639464,1915490,969687,49.78,115.79,704768,68.49,135.29,5241,3796,2681,0.856,,
15/07/2021,Hawaii,1700838,1958850,998788,52.79,120.13,747409,70.54,138.35,1259,1386,979,0.868,,
15/08/2021,Hawaii,1744877,2029120,1030280,54.29,123.24,768614,72.77,143.31,2414,1844,1302,0.86,,
15/09/2021,Hawaii,1831838,2258660,1072796,56.57,129.38,800980,75.77,159.52,2893,3403,2403,0.811,4987,0.35
15/10/2021,Hawaii,1928198,2436390,1099064,58.91,136.18,834020,77.62,172.08,3579,3095,2186,0.791,46256,3.27
15/11/2021,Hawaii,2034579,2723110,1139484,60.41,143.7,855261,80.48,192.33,4905,3850,2719,0.747,93958,6.64
15/12/2021,Hawaii,,,,,,,,,,5759,4067,,,
15/01/2021,Idaho,46636,160075,37646,0.49,2.61,8843,2.11,8.96,4050,3597,2013,0.291,,
15/02/2021,Idaho,,,,,,,,,,8196,4586,,,
15/03/2021,Idaho,559659,671845,345005,11.87,31.32,212093,19.31,37.59,9485,11055,6186,0.833,,
15/04/2021,Idaho,929172,1226365,556985,21.57,51.99,385531,31.17,68.62,11916,10592,5927,0.758,,
15/05/2021,Idaho,1172433,1539755,640088,30.61,65.61,546992,35.82,86.16,5606,5742,3213,0.761,,
15/06/2021,Idaho,1284844,1643405,691348,34.61,71.9,618488,38.69,91.96,1960,3899,2182,0.782,,
15/07/2021,Idaho,1348106,1714930,719041,36.78,75.44,657334,40.24,95.96,1548,1531,857,0.786,,
15/08/2021,Idaho,1407457,1819360,759060,38.07,78.76,680349,42.48,101.81,3323,2321,1299,0.774,,
15/09/2021,Idaho,1510420,2114940,816611,40.36,84.52,721334,45.7,118.35,3530,3618,2025,0.714,35610,1.99
15/10/2021,Idaho,1635267,2329270,858875,42.71,91.51,763273,48.06,130.34,5173,3783,2117,0.702,80201,4.49
15/11/2021,Idaho,1811214,2655500,892967,44.64,101.35,797682,49.97,148.6,3370,4993,2794,0.682,191322,10.71
15/12/2021,Idaho,1969299,2859380,921511,45.84,110.2,819220,51.57,160,5604,5225,2924,0.689,302739,16.94
15/01/2021,Illinois,437765,1011225,341518,0.72,3.45,91248,2.7,7.98,34099,30253,2387,0.433,,
15/02/2021,Illinois,,,,,,,,,,63802,5035,,,
15/03/2021,Illinois,4297923,5167015,2812496,11.9,33.92,1508375,22.19,40.78,100453,103731,8186,0.832,,
15/04/2021,Illinois,7723702,9951575,5041287,23.26,60.95,2948062,39.78,78.53,141569,123257,9727,0.776,,
15/05/2021,Illinois,10583166,13306375,6365032,36.02,83.52,4563993,50.23,105.01,79246,78055,6160,0.795,,
15/06/2021,Illinois,12332391,14438495,7266085,43.11,97.32,5462886,57.34,113.94,45555,50182,3960,0.854,,
15/07/2021,Illinois,13290265,14890165,7690534,47.43,104.88,6010374,60.69,117.51,23779,22830,1802,0.893,,
15/08/2021,Illinois,14084250,15906245,8141918,49.72,111.15,6300283,64.25,125.52,44380,34088,2690,0.885,,
15/09/2021,Illinois,,,,,,,,,,25261,1993,,,
15/10/2021,Illinois,,,,,,,,,,25261,1993,,,
15/11/2021,Illinois,,,,,,,,,,38745,3058,,,
15/12/2021,Illinois,,,,,,,,,,69827,5510,,,
15/01/2021,Indiana,260310,642425,222599,0.56,3.87,37683,3.31,9.54,26822,22822,3390,0.405,,
15/02/2021,Indiana,,,,,,,,,,46507,6908,,,
15/03/2021,Indiana,2160312,2537330,1318159,12.69,32.09,854647,19.58,37.69,33083,40095,5956,0.851,,
15/04/2021,Indiana,3509410,4699940,2146247,21.54,52.13,1449816,31.88,69.81,66382,50164,7451,0.747,,
15/05/2021,Indiana,4703345,5987240,2625819,32.1,69.86,2160955,39,88.93,42465,34235,5085,0.786,,
15/06/2021,Indiana,5383148,6592990,2911944,38.13,79.96,2566765,43.25,97.93,13252,22350,3320,0.816,,
15/07/2021,Indiana,5924769,6793210,3095615,43.3,88.01,2915266,45.98,100.91,8829,8187,1216,0.872,,
15/08/2021,Indiana,6224821,7285390,3275785,45.09,92.46,3035425,48.66,108.22,11534,10012,1487,0.854,,
15/09/2021,Indiana,6566952,8019460,3449590,47.27,97.55,3182108,51.24,119.12,10042,10883,1617,0.819,179975,2.67
15/10/2021,Indiana,6977245,8684030,3567895,49.19,103.64,3311433,53,128.99,15328,12512,1859,0.803,352201,5.23
15/11/2021,Indiana,7518178,9752140,3685442,50.27,111.67,3384472,54.74,144.86,28051,17091,2539,0.771,710129,10.55
15/12/2021,Indiana,8198469,10681230,3832724,51.52,121.78,3468719,56.93,158.66,26062,29688,4410,0.768,1166278,17.32
15/01/2021,Iowa,120983,269000,108056,0.34,3.83,10742,3.42,8.53,8890,7431,2355,0.45,,
15/02/2021,Iowa,,,,,,,,,,17966,5694,,,
15/03/2021,Iowa,1145079,1288785,751143,13.42,36.29,423373,23.81,40.85,30523,29290,9283,0.888,,
15/04/2021,Iowa,2001742,2402035,1243854,26.58,63.45,838544,39.42,76.13,31520,33770,10703,0.833,,
15/05/2021,Iowa,2644924,3099895,1460918,40.14,83.83,1266340,46.3,98.25,16552,14799,4691,0.853,,
15/06/2021,Iowa,2952639,3402795,1591349,46.16,93.58,1456445,50.44,107.85,8885,7663,2429,0.868,,
15/07/2021,Iowa,3083142,3508375,1644404,48.85,97.72,1541212,52.12,111.2,3247,3130,992,0.879,,
15/08/2021,Iowa,3210527,3702355,1728883,50.41,101.76,1590534,54.8,117.35,6,5031,1595,0.867,,
15/09/2021,Iowa,3379054,4051805,1806509,52.92,107.1,1669570,57.26,128.42,4516,4854,1538,0.834,43718,1.39
15/10/2021,Iowa,3572273,4445075,1855890,54.79,113.22,1728650,58.82,140.89,9199,6747,2138,0.804,132863,4.21
15/11/2021,Iowa,3953972,5101445,1922822,56.12,125.32,1770547,60.94,161.69,412,16464,5218,0.775,410654,13.02
15/12/2021,Iowa,4445277,5514975,2014978,58.2,140.89,1836182,63.86,174.8,13276,15443,4895,0.806,749290,23.75
15/01/2021,Kansas,97779,263175,83293,0.46,3.36,13496,2.86,9.03,6214,6504,2233,0.372,,
15/02/2021,Kansas,,,,,,,,,,12932,4439,,,
15/03/2021,Kansas,909577,1257325,623934,11.3,31.22,329299,21.42,43.16,9077,23805,8171,0.723,,
15/04/2021,Kansas,1720398,2272425,1129765,24.37,59.05,709852,38.78,78,31796,28086,9641,0.757,,
15/05/2021,Kansas,2199543,2888985,1295307,36.19,75.5,1054355,44.46,99.16,10525,10005,3434,0.761,,
15/06/2021,Kansas,2408262,3034435,1400564,40.22,82.66,1171599,48.07,104.16,10216,5710,1960,0.794,,
15/07/2021,Kansas,2536338,3133295,1459036,42.81,87.06,1247097,50.08,107.55,3977,3277,1125,0.809,,
15/08/2021,Kansas,2798136,3391935,1616126,46.44,96.05,1352951,55.47,116.43,8249,6396,2195,0.825,,
15/09/2021,Kansas,3003317,3714695,1711216,49.76,103.09,1449690,58.74,127.51,5222,5776,1983,0.808,,
15/10/2021,Kansas,3203303,4022215,1779514,52.24,109.95,1521965,61.08,138.06,6806,7735,2655,0.796,8938,0.31
15/11/2021,Kansas,3532488,4607335,1876627,53.97,121.25,1572405,64.42,158.15,11405,13379,4592,0.767,195678,6.72
15/12/2021,Kansas,3892995,4996025,1976831,56.07,133.63,1633463,67.86,171.49,13173,13142,4511,0.779,399175,13.7
15/01/2021,Kentucky,174748,337450,162733,0.24,3.91,10672,3.64,7.55,19135,14211,3181,0.518,,
15/02/2021,Kentucky,,,,,,,,,,18642,4173,,,
15/03/2021,Kentucky,1532494,1798045,1044344,11.98,34.3,535241,23.38,40.25,35600,35519,7950,0.852,,
15/04/2021,Kentucky,2704303,3327845,1677218,25.55,60.53,1141656,37.54,74.49,50686,41335,9252,0.813,,
15/05/2021,Kentucky,3409051,4173955,1934514,35.89,76.3,1603566,43.3,93.43,19041,17761,3975,0.817,,
15/06/2021,Kentucky,3830662,4392465,2151104,40.99,85.74,1831332,48.15,98.32,10188,15220,3407,0.872,,
15/07/2021,Kentucky,4082111,4542995,2253021,44.58,91.37,1991718,50.43,101.69,7217,5804,1299,0.899,,
15/08/2021,Kentucky,4350464,4910595,2434586,46.75,97.38,2088471,54.49,109.91,11148,10099,2260,0.886,,
15/09/2021,Kentucky,,,,,,,,,,5197,1163,,,
15/10/2021,Kentucky,,,,,,,,,,5197,1163,,,
15/11/2021,Kentucky,5186613,6787265,2628653,51.5,116.09,2300776,58.84,151.92,14037,19257,4310,0.764,451914,10.12
15/12/2021,Kentucky,5693497,7347705,2749213,53.52,127.44,2390901,61.54,164.46,16489,16925,3788,0.775,754007,16.88
15/01/2021,Louisiana,197967,370175,167193,0.65,4.26,30416,3.6,7.96,22156,18399,3958,0.535,,
15/02/2021,Louisiana,,,,,,,,,,23289,5010,,,
15/03/2021,Louisiana,1484459,1890870,937967,11.83,31.93,550112,20.18,40.67,20082,29510,6348,0.785,,
15/04/2021,Louisiana,2394289,3428000,1410511,21.9,51.5,1017907,30.34,73.74,38763,27849,5991,0.698,,
15/05/2021,Louisiana,2924921,3797620,1580440,29.5,62.92,1371256,34,81.69,12832,13450,2893,0.77,,
15/06/2021,Louisiana,3225937,3982070,1721162,33.11,69.39,1539268,37.02,85.66,5206,11219,2413,0.81,,
15/07/2021,Louisiana,3467349,4125350,1835086,35.97,74.59,1672304,39.47,88.74,6985,5913,1272,0.84,,
15/08/2021,Louisiana,3890510,4819850,2156435,38.34,83.69,1782199,46.39,103.68,106,15292,3289,0.807,,
15/09/2021,Louisiana,4362761,5489040,2357490,43.61,93.85,2027244,50.71,118.07,11138,10532,2266,0.795,125154,2.69
15/10/2021,Louisiana,4702557,5973200,2447856,46.56,101.16,2164327,52.66,128.49,11757,11233,2416,0.787,244140,5.25
15/11/2021,Louisiana,5050305,6587480,2541346,48.31,108.64,2246032,54.67,141.7,7986,12266,2639,0.767,424171,9.12
15/12/2021,Louisiana,5444169,6883940,2629382,49.65,117.11,2308354,56.56,148.08,14559,14706,3163,0.791,673610,14.49
15/01/2021,Maine,61129,136875,51631,0.62,4.55,8274,3.84,10.18,0,2061,1533,0.447,,
15/02/2021,Maine,,,,,,,,,,5320,3958,,,
15/03/2021,Maine,523269,583690,351485,14.17,38.93,190539,26.15,43.42,12872,13689,10184,0.896,,
15/04/2021,Maine,966930,1117280,629163,30.87,71.93,414949,46.81,83.12,19489,19688,14646,0.865,,
15/05/2021,Maine,1349471,1628280,789980,48.65,100.39,653998,58.77,121.13,11746,10411,7745,0.829,,
15/06/2021,Maine,1562459,1818640,876655,58.74,116.24,789570,65.22,135.29,11503,5568,4142,0.859,,
15/07/2021,Maine,1640525,1879360,904659,62.68,122.04,842539,67.3,139.81,1743,1582,1177,0.873,,
15/08/2021,Maine,1697679,1961760,937060,64.6,126.3,868305,69.71,145.94,20,1903,1416,0.865,,
15/09/2021,Maine,1781004,2086600,980223,67.09,132.49,901816,72.92,155.23,2337,2535,1886,0.854,12702,0.94
15/10/2021,Maine,1883901,2234220,1010858,69.53,140.15,934597,75.2,166.21,10494,4425,3292,0.843,55932,4.16
15/11/2021,Maine,2094603,2547600,1061277,71.46,155.82,960520,78.95,189.52,649,9498,7066,0.822,195336,14.53
15/12/2021,Maine,2386694,2805900,1130460,74.65,177.55,1003456,84.1,208.74,8261,10473,7791,0.851,379719,28.25
15/01/2021,Maryland,194705,565125,178831,0.26,3.22,15830,2.96,9.35,16649,16158,2673,0.345,,
15/02/2021,Maryland,,,,,,,,,,26595,4399,,,
15/03/2021,Maryland,1991188,2430150,1335141,12.45,32.94,752735,22.08,40.2,29206,45630,7548,0.819,,
15/04/2021,Maryland,3837451,4847330,2467587,25.93,63.47,1567793,40.82,80.18,72433,72461,11986,0.792,,
15/05/2021,Maryland,5517143,7154150,3198184,41.9,91.26,2533348,52.9,118.33,54062,49447,8179,0.771,,
15/06/2021,Maryland,6522297,8296970,3606637,52.25,107.88,3158721,59.66,137.24,23140,28287,4679,0.786,,
15/07/2021,Maryland,7039584,8607300,3817781,57.54,116.44,3478529,63.15,142.37,10967,10629,1758,0.818,,
15/08/2021,Maryland,7382630,9014710,4019328,59.99,122.11,3626599,66.48,149.11,7798,11104,1837,0.819,,
15/09/2021,Maryland,7786693,9727880,4201596,62.87,128.8,3800857,69.5,160.91,13448,12908,2135,0.8,71728,1.19
15/10/2021,Maryland,8222925,10373680,4341837,65.18,136.01,3940466,71.82,171.59,18400,15227,2519,0.793,236136,3.91
15/11/2021,Maryland,8960458,11709970,4471772,66.71,148.21,4033017,73.97,193.69,12407,27492,4547,0.765,759506,12.56
15/12/2021,Maryland,10000259,12895180,4760064,69.49,165.41,4201037,78.73,213.3,38647,34203,5657,0.776,1351044,22.35
15/01/2021,Massachusetts,257175,669325,222109,0.51,3.73,34885,3.22,9.71,23699,17698,2568,0.384,,
15/02/2021,Massachusetts,,,,,,,,,,44264,6422,,,
15/03/2021,Massachusetts,2620671,2891100,1751693,13.13,38.02,904685,25.41,41.95,58922,60226,8738,0.906,,
15/04/2021,Massachusetts,4895087,5768250,3183694,27.46,71.02,1892688,46.19,83.69,94786,91857,13327,0.849,,
15/05/2021,Massachusetts,7225009,8523650,4264932,46.04,104.82,3173423,61.88,123.67,68686,62800,9111,0.848,,
15/06/2021,Massachusetts,8509338,9578900,4736609,58.29,123.46,4017847,68.72,138.98,26278,24462,3549,0.888,,
15/07/2021,Massachusetts,8989629,9845280,4922476,62.87,130.43,4333539,71.42,142.84,10785,9324,1353,0.913,,
15/08/2021,Massachusetts,9277928,10173240,5095245,64.75,134.61,4462638,73.92,147.6,36,8240,1196,0.912,,
15/09/2021,Massachusetts,9629685,10735900,5267614,66.96,139.71,4614981,76.43,155.76,8119,9715,1410,0.897,77788,1.13
15/10/2021,Massachusetts,10073913,11382420,5421487,68.77,146.16,4739680,78.66,165.14,21999,16993,2465,0.885,254553,3.69
15/11/2021,Massachusetts,11047785,12907980,5720040,70.44,160.29,4855122,82.99,187.28,43392,41407,6008,0.856,826850,12
15/12/2021,Massachusetts,12363451,14081580,6088614,73.5,179.38,5066318,88.34,204.3,50783,52376,7599,0.878,1574008,22.84
15/01/2021,Michigan,364182,773750,312415,0.49,3.65,48536,3.13,7.75,36947,45499,4556,0.471,,
15/02/2021,Michigan,,,,,,,,,,49802,4987,,,
15/03/2021,Michigan,3170085,3925470,2056704,11.62,31.74,1160803,20.59,39.31,3991,57787,5786,0.808,,
15/04/2021,Michigan,5805782,7657840,3669807,24.27,58.13,2423714,36.75,76.68,107805,99033,9916,0.758,,
15/05/2021,Michigan,8005256,10576610,4546214,38.22,80.16,3817108,45.52,105.91,71447,56170,5624,0.757,,
15/06/2021,Michigan,9109439,11442840,5024366,44.91,91.21,4485169,50.31,114.58,30828,31835,3188,0.796,,
15/07/2021,Michigan,9608785,11744550,5211451,48.06,96.21,4800032,52.18,117.6,13447,16389,1641,0.818,,
15/08/2021,Michigan,9971999,12324830,5415561,49.56,99.85,4949850,54.23,123.41,12445,11242,1126,0.809,,
15/09/2021,Michigan,10364171,13193780,5590878,51.31,103.78,5124730,55.98,132.11,11582,11962,1198,0.786,17818,0.18
15/10/2021,Michigan,11046958,14004330,5734144,52.86,110.61,5279134,57.42,140.23,26724,29898,2994,0.789,408850,4.09
15/11/2021,Michigan,12146037,15866340,5962294,54.1,121.62,5402564,59.7,158.87,39276,46591,4665,0.766,1168785,11.7
15/12/2021,Michigan,13447493,17433460,6236590,55.99,134.65,5591222,62.45,174.56,45048,45382,4544,0.771,2021075,20.24
15/01/2021,Minnesota,198253,519600,170273,0.49,3.52,27799,3.02,9.21,18569,12004,2129,0.382,,
15/02/2021,Minnesota,,,,,,,,,,20646,3661,,,
15/03/2021,Minnesota,2037382,2263220,1353203,13.03,36.13,734565,23.99,40.13,36443,44532,7896,0.9,,
15/04/2021,Minnesota,3597769,4110150,2286384,27.04,63.79,1524901,40.54,72.88,54397,58667,10403,0.875,,
15/05/2021,Minnesota,4934166,5776950,2857017,41.04,87.49,2314759,50.66,102.43,46911,36980,6557,0.854,,
15/06/2021,Minnesota,5655689,6446880,3147316,49.05,100.28,2766393,55.81,114.31,13495,17637,3127,0.877,,
15/07/2021,Minnesota,5971070,6603590,3256799,52.88,105.88,2982412,57.75,117.09,7726,6255,1109,0.904,,
15/08/2021,Minnesota,6206265,6900160,3403706,54.57,110.05,3077575,60.35,122.35,76,7234,1283,0.899,,
15/09/2021,Minnesota,6521604,7566810,3538919,57.16,115.64,3223463,62.75,134.17,11818,8815,1563,0.862,50344,0.89
15/10/2021,Minnesota,6918056,8146210,3626325,59.03,122.67,3329037,64.3,144.45,17680,16487,2923,0.849,261364,4.63
15/11/2021,Minnesota,7788615,9290660,3777170,61.87,138.11,3489332,66.98,164.74,24832,33727,5980,0.838,831119,14.74
15/12/2021,Minnesota,8785061,10573970,3971128,64.52,155.77,3638530,70.41,187.49,34967,33478,5936,0.831,1492114,26.46
15/01/2021,Mississippi,84328,233550,75885,0.28,2.83,8396,2.55,7.85,12480,9928,3336,0.361,,
15/02/2021,Mississippi,,,,,,,,,,15050,5057,,,
15/03/2021,Mississippi,904066,1239205,593525,11.06,30.38,329254,19.94,41.64,7082,18256,6134,0.73,,
15/04/2021,Mississippi,1410771,2153055,851908,20.14,47.4,599482,28.62,72.34,18063,17296,5812,0.655,,
15/05/2021,Mississippi,1687852,2529915,965874,25.78,56.71,767334,32.45,85.01,305,4635,1557,0.667,,
15/06/2021,Mississippi,1844136,2623525,1047518,28.49,61.96,848045,35.2,88.15,20426,4417,1484,0.703,,
15/07/2021,Mississippi,2060045,2703955,1116213,33.64,69.22,1001141,37.51,90.85,4214,3447,1158,0.762,,
15/08/2021,Mississippi,2293055,3114405,1288839,35.77,77.05,1064606,43.31,104.65,94,8484,2851,0.736,,
15/09/2021,Mississippi,2673086,3683715,1457234,41.49,89.82,1234718,48.96,123.77,10582,14331,4815,0.726,52353,1.76
15/10/2021,Mississippi,2884120,3932865,1521329,44.69,96.91,1330166,51.12,132.15,13360,6169,2073,0.733,106372,3.57
15/11/2021,Mississippi,3093520,4362125,1574042,46.4,103.94,1380902,52.89,146.57,62,8895,2989,0.709,215255,7.23
15/12/2021,Mississippi,3342478,4590605,1636710,47.79,112.31,1422417,54.99,154.25,46325,9499,3192,0.728,362885,12.19
15/01/2021,Missouri,190447,528800,153664,0.6,3.1,36525,2.5,8.62,15133,9554,1557,0.36,,
15/02/2021,Missouri,,,,,,,,,,31435,5122,,,
15/03/2021,Missouri,1897083,2415805,1205497,10.55,30.91,647356,19.64,39.36,29852,37603,6127,0.785,,
15/04/2021,Missouri,3310684,4491775,2000338,21.55,53.94,1322317,32.59,73.19,47460,48540,7909,0.737,,
15/05/2021,Missouri,4384335,5674925,2433345,32,71.44,1963977,39.65,92.46,18125,24140,3933,0.773,,
15/06/2021,Missouri,4886745,6013295,2668263,36.67,79.62,2250526,43.48,97.98,12136,17545,2859,0.813,,
15/07/2021,Missouri,5243381,6231435,2839144,39.95,85.43,2452207,46.26,101.53,11219,9658,1574,0.841,,
15/08/2021,Missouri,5721638,6895795,3137231,43.19,93.23,2650592,51.12,112.36,13741,19460,3171,0.83,,
15/09/2021,Missouri,6122886,7679165,3305541,46.58,99.76,2858978,53.86,125.12,10045,11534,1879,0.797,161991,2.64
15/10/2021,Missouri,6539010,8103785,3428335,48.95,106.54,3004300,55.86,132.04,14220,14048,2289,0.807,317636,5.18
15/11/2021,Missouri,7124613,9002115,3577717,50.43,116.08,3095202,58.29,146.68,315,26591,4333,0.791,670182,10.92
15/12/2021,Missouri,7834180,9689985,3762219,52.33,127.65,3211882,61.3,157.88,26473,26598,4334,0.808,1085539,17.69
15/01/2021,Montana,49364,98500,41160,0.77,4.62,8193,3.85,9.22,2744,2427,2271,0.501,,
15/02/2021,Montana,,,,,,,,,,5709,5342,,,
15/03/2021,Montana,398858,481155,252446,14.12,37.32,150873,23.62,45.02,3088,8186,7659,0.829,,
15/04/2021,Montana,655446,859975,397682,25.94,61.33,277211,37.21,80.46,12158,8425,7883,0.762,,
15/05/2021,Montana,820430,1049245,457817,36.03,76.76,385055,42.84,98.17,5778,3804,3559,0.782,,
15/06/2021,Montana,907825,1095905,498656,40.8,84.94,436028,46.66,102.54,3497,2017,1887,0.828,,
15/07/2021,Montana,955240,1123165,517372,43.65,89.38,466509,48.41,105.09,1134,969,907,0.85,,
15/08/2021,Montana,993113,1165965,542173,44.98,92.92,480710,50.73,109.09,171,1252,1171,0.852,,
15/09/2021,Montana,1056438,1285065,572567,47.3,98.85,505568,53.57,120.24,1559,1948,1823,0.822,22679,2.12
15/10/2021,Montana,1136231,1407575,595997,49.43,106.31,528247,55.76,131.7,3598,2892,2706,0.807,58895,5.51
15/11/2021,Montana,1258064,1598625,620961,51.19,117.71,547099,58.1,149.58,36,4658,4358,0.787,139254,13.03
15/12/2021,Montana,1390359,1713365,653154,53.09,130.09,567395,61.11,160.31,3202,4185,3916,0.811,221444,20.72
15/01/2021,Nebraska,91195,211500,77734,0.67,4.71,13050,4.02,10.93,6275,5585,2887,0.431,,
15/02/2021,Nebraska,,,,,,,,,,7729,3996,,,
15/03/2021,Nebraska,684831,833730,444391,12.99,35.4,251322,22.97,43.1,18414,15917,8228,0.821,,
15/04/2021,Nebraska,1228445,1482380,762206,26.31,63.5,508852,39.4,76.63,20023,21711,11224,0.829,,
15/05/2021,Nebraska,1584872,1912970,879897,39.08,81.93,756059,45.49,98.89,229,10355,5353,0.828,,
15/06/2021,Nebraska,1770014,2051790,963714,44.59,91.5,862608,49.82,106.07,10098,4854,2509,0.863,,
15/07/2021,Nebraska,1893942,2116950,1014054,48.51,97.91,938466,52.42,109.44,37,1830,946,0.895,,
15/08/2021,Nebraska,1994341,2241940,1077949,50.43,103.1,975483,55.73,115.9,31,3817,1973,0.89,,
15/09/2021,Nebraska,2115706,2459620,1131471,53.38,109.37,1032550,58.49,127.15,247,2898,1498,0.86,29164,1.51
15/10/2021,Nebraska,2246172,2672980,1163586,55.5,116.12,1073676,60.15,138.18,4831,4248,2196,0.84,88563,4.58
15/11/2021,Nebraska,2452675,3043090,1204279,56.8,126.79,1098797,62.26,157.31,762,8978,4641,0.806,231342,11.96
15/12/2021,Nebraska,2755242,3315520,1265629,59.04,142.43,1142015,65.43,171.4,8666,10201,5273,0.831,431572,22.31
15/01/2021,Nevada,83674,211750,67679,0.5,2.72,15308,2.2,6.87,6830,7340,2383,0.395,,
15/02/2021,Nevada,,,,,,,,,,12990,4217,,,
15/03/2021,Nevada,1013805,1169770,640086,11.7,32.91,360316,20.78,37.98,24463,22559,7324,0.867,,
15/04/2021,Nevada,1744896,2152310,1078275,22.55,56.65,694463,35.01,69.88,35276,29721,9649,0.811,,
15/05/2021,Nevada,2314424,2727720,1303628,33.39,75.14,1028426,42.32,88.56,36949,18255,5927,0.848,,
15/06/2021,Nevada,2631465,2989510,1463360,39.24,85.43,1208807,47.51,97.06,6230,8533,2770,0.88,,
15/07/2021,Nevada,2861309,3160250,1582022,43.14,92.89,1328846,51.36,102.6,5444,5260,1708,0.905,,
15/08/2021,Nevada,3076968,3477630,1723546,45.84,99.9,1411919,55.96,112.9,6885,7270,2360,0.885,,
15/09/2021,Nevada,3303685,3868020,1831563,49.38,107.26,1521025,59.46,125.58,5630,6357,2064,0.854,96488,3.13
15/10/2021,Nevada,3508941,4166020,1908579,51.83,113.92,1596377,61.96,135.25,6868,6365,2066,0.842,155399,5.05
15/11/2021,Nevada,3814226,4623430,2001470,53.83,123.83,1657985,64.98,150.1,11681,11726,3807,0.825,313834,10.19
15/12/2021,Nevada,4154011,4932560,2095934,55.66,134.86,1714555,68.05,160.14,11655,13307,4320,0.842,507555,16.48
15/01/2021,New Hampshire,62517,127225,56797,0.42,4.6,5700,4.18,9.36,3806,3968,2918,0.491,,
15/02/2021,New Hampshire,,,,,,,,,,6570,4832,,,
15/03/2021,New Hampshire,465226,565165,336445,11.63,34.22,158168,24.74,41.57,4530,11392,8378,0.823,,
15/04/2021,New Hampshire,1050144,1066805,764629,26.72,77.23,363308,56.23,78.46,42117,27383,20139,0.984,,
15/05/2021,New Hampshire,,,,,,,,,,11666,8580,,,
15/06/2021,New Hampshire,1479763,1786515,832851,53.69,108.83,730076,61.25,131.39,9065,4107,3020,0.828,,
15/07/2021,New Hampshire,1567201,1869240,865592,57.48,115.26,781532,63.66,137.47,1560,1585,1166,0.838,,
15/08/2021,New Hampshire,1619487,1950350,894627,58.83,119.11,799928,65.8,143.44,1679,1949,1433,0.83,,
15/09/2021,New Hampshire,1721613,2082040,931120,60.8,126.62,826658,68.48,153.12,4264,2363,1738,0.827,31449,2.31
15/10/2021,New Hampshire,1850814,2226740,985579,62.27,136.12,846629,72.48,163.77,3295,9571,7039,0.831,88541,6.51
15/11/2021,New Hampshire,2023050,2531120,1106060,63.66,148.79,865640,81.35,186.15,21517,7203,5297,0.799,125311,9.22
15/12/2021,New Hampshire,,,,,,,,,,1632,1200,,,
15/01/2021,New Jersey,317070,658800,278956,0.41,3.57,36741,3.14,7.42,53648,32008,3604,0.481,,
15/02/2021,New Jersey,,,,,,,,,,41921,4720,,,
15/03/2021,New Jersey,3112960,3577765,2158901,12.44,35.05,1104854,24.31,40.28,47587,77298,8703,0.87,,
15/04/2021,New Jersey,5978301,6902305,3922518,28.08,67.31,2494175,44.16,77.71,103469,107353,12086,0.866,,
15/05/2021,New Jersey,8300824,10138285,4957429,43.79,93.45,3889378,55.81,114.14,82584,63182,7113,0.819,,
15/06/2021,New Jersey,,,,,,,,,,17877,2013,,,
15/07/2021,New Jersey,10087454,11758315,5701639,56.72,113.57,5038105,64.19,132.38,16757,15796,1778,0.858,,
15/08/2021,New Jersey,10650221,12481845,6036523,59.68,119.91,5300615,67.96,140.53,19524,18277,2058,0.853,,
15/09/2021,New Jersey,11299572,13712125,6344992,63.02,127.22,5597867,71.43,154.38,22397,19898,2240,0.824,,
15/10/2021,New Jersey,11874110,14446895,6545473,65.4,133.68,5809177,73.69,162.65,19878,20134,2267,0.822,,
15/11/2021,New Jersey,12922059,16270345,6845206,67.12,145.48,5961444,77.07,183.18,23214,42938,4834,0.794,584760,6.58
15/12/2021,New Jersey,14298992,17970205,7242388,69.53,160.98,6175861,81.54,202.32,58386,51336,5780,0.796,1366928,15.39
15/01/2021,New Mexico,99305,204750,80172,0.89,4.74,18711,3.82,9.76,9890,7023,3349,0.485,,
15/02/2021,New Mexico,,,,,,,,,,12691,6052,,,
15/03/2021,New Mexico,952566,1035005,613331,16.87,45.43,353640,29.25,49.36,10395,16955,8086,0.92,,
15/04/2021,New Mexico,1551199,1837785,964280,30.54,73.98,640363,45.99,87.65,20810,19137,9127,0.844,,
15/05/2021,New Mexico,,,,,,,,,,291,139,,,
15/06/2021,New Mexico,2237744,2323815,1247431,50.6,106.72,1060930,59.49,110.83,9960,6896,3289,0.963,,
15/07/2021,New Mexico,2431098,2401765,1341566,55.94,115.94,1173006,63.98,114.54,3442,3125,1490,1.012,,
15/08/2021,New Mexico,2542728,2521275,1410559,58.17,121.27,1219759,67.27,120.24,481,2765,1319,1.009,,
15/09/2021,New Mexico,2714330,2825505,1497063,61.58,129.45,1291139,71.4,134.75,4110,4791,2285,0.961,21648,1.03
15/10/2021,New Mexico,,,,,,,,,,1458,695,,,
15/11/2021,New Mexico,2983983,3479745,1557160,62.9,142.31,1318945,74.26,165.95,11273,11006,5249,0.858,207678,9.9
15/12/2021,New Mexico,3311462,3776575,1654855,65.27,157.93,1368664,78.92,180.11,11619,12602,6010,0.877,390886,18.64
15/01/2021,New York State,757466,1884325,671311,0.38,3.89,73523,3.45,9.69,68890,59311,3049,0.402,,
15/02/2021,New York State,,,,,,,,,,85676,4404,,,
15/03/2021,New York State,6443462,8237955,4323082,10.83,33.12,2106643,22.22,42.35,148404,146737,7543,0.782,,
15/04/2021,New York State,12843875,15527805,7968346,26.93,66.02,5238268,40.96,79.82,210513,228669,11755,0.827,,
15/05/2021,New York State,17789972,21214265,10005881,42.11,91.45,8192250,51.43,109.05,157865,131908,6781,0.839,,
15/06/2021,New York State,20784559,23366565,11297965,50.59,106.84,9842185,58.08,120.11,71034,79174,4070,0.889,,
15/07/2021,New York State,22359206,24411425,11939514,55.67,114.94,10830744,61.37,125.49,43432,35789,1840,0.916,,
15/08/2021,New York State,23595998,25853125,12690312,58.37,121.29,11355896,65.23,132.9,34795,42455,2182,0.913,,
15/09/2021,New York State,25139710,28626435,13504624,61.97,129.23,12055332,69.42,147.15,49108,51588,2652,0.878,620511,3.19
15/10/2021,New York State,26724252,30679025,14165051,65.27,137.37,12697730,72.81,157.7,195751,56077,2883,0.871,954072,4.9
15/11/2021,New York State,28617388,34470215,14788172,67.65,147.11,13160594,76.02,177.19,61727,72020,3702,0.83,1811586,9.31
15/12/2021,New York State,32551013,37612645,15833415,70.65,167.33,13743947,81.39,193.35,129308,234769,12068,0.865,4159139,21.38
15/01/2021,North Carolina,302824,999650,259859,0.41,2.89,42790,2.48,9.53,34612,30405,2899,0.303,,
15/02/2021,North Carolina,,,,,,,,,,53826,5132,,,
15/03/2021,North Carolina,3480495,4267910,2233748,11.95,33.19,1253054,21.3,40.69,66021,85506,8153,0.816,,
15/04/2021,North Carolina,5936385,7895410,3676993,23.04,56.6,2416439,35.06,75.28,91785,92015,8773,0.752,,
15/05/2021,North Carolina,7692414,10876760,4310158,33.83,73.34,3547910,41.1,103.71,42311,36634,3493,0.707,,
15/06/2021,North Carolina,8423511,11521890,4643099,37.98,80.32,3983775,44.27,109.86,19721,19475,1857,0.731,,
15/07/2021,North Carolina,9470597,11842950,5204576,42.79,90.3,4487926,49.62,112.92,14888,13545,1291,0.8,,
15/08/2021,North Carolina,10029789,12617760,5587386,44.72,95.63,4689773,53.27,120.31,14634,19837,1891,0.795,,
15/09/2021,North Carolina,10903079,13909090,6066679,48.15,103.96,5049529,57.84,132.62,24312,29602,2822,0.784,185415,1.77
15/10/2021,North Carolina,11857239,15106700,6494826,51.58,113.05,5409835,61.93,144.04,35002,30995,2955,0.785,368890,3.52
15/11/2021,North Carolina,12980235,17154460,7037502,53.5,123.76,5611614,67.1,163.56,27487,39685,3784,0.757,762260,7.27
15/12/2021,North Carolina,14263904,18366030,7697862,55.67,136,5838580,73.4,175.11,41005,42653,4067,0.777,1178154,11.23
15/01/2021,North Dakota,46410,68675,38506,0.99,6.09,7555,5.05,9.01,3636,2310,3031,0.676,,
15/02/2021,North Dakota,,,,,,,,,,3056,4010,,,
15/03/2021,North Dakota,321677,344170,198656,14.9,42.21,113549,26.07,45.16,4648,6527,8565,0.935,,
15/04/2021,North Dakota,504937,579200,283076,27.91,66.26,212728,37.15,76,5932,5991,7862,0.872,,
15/05/2021,North Dakota,591193,664790,308900,35.08,77.58,267334,40.53,87.24,2631,1653,2169,0.889,,
15/06/2021,North Dakota,629001,707420,328158,37.74,82.54,287627,43.06,92.83,346,1132,1485,0.889,,
15/07/2021,North Dakota,651359,726310,339100,39.48,85.47,300870,44.5,95.31,723,571,749,0.897,,
15/08/2021,North Dakota,678556,767100,356892,40.76,89.04,310604,46.83,100.66,1459,1073,1408,0.885,,
15/09/2021,North Dakota,720264,885120,379550,42.83,94.52,326399,49.81,116.15,1642,1694,2223,0.814,43054,5.65
15/10/2021,North Dakota,778085,974040,397551,45.25,102.1,344827,52.17,127.82,2429,2266,2974,0.799,65875,8.64
15/11/2021,North Dakota,853244,1108080,429657,48.17,111.97,367066,56.38,145.41,0,2533,3324,0.77,89547,11.75
15/12/2021,North Dakota,982970,1185880,466724,51.76,128.99,394412,61.24,155.61,2295,8436,11070,0.829,156417,20.53
15/01/2021,Ohio,375428,968250,361818,0.12,3.21,13552,3.1,8.28,27004,21179,1812,0.388,,
15/02/2021,Ohio,,,,,,,,,,56733,4853,,,
15/03/2021,Ohio,3819317,4748935,2441898,12.21,32.67,1426711,20.89,40.63,87170,87935,7523,0.804,,
15/04/2021,Ohio,6959193,9005615,4269197,24.29,59.54,2839225,36.52,77.04,111733,114478,9794,0.773,,
15/05/2021,Ohio,9227651,11344535,4998843,37.37,78.94,4368365,42.76,97.05,46717,53407,4569,0.813,,
15/06/2021,Ohio,10324984,12210255,5522287,42.56,88.33,4974856,47.24,104.46,33282,29858,2554,0.846,,
15/07/2021,Ohio,10862282,12548075,5708388,45.63,92.93,5333537,48.84,107.35,113,10177,871,0.866,,
15/08/2021,Ohio,11329969,13299465,5984303,47.3,96.93,5528957,51.2,113.78,18279,16522,1413,0.852,,
15/09/2021,Ohio,,,,,,,,,,9861,844,,,
15/10/2021,Ohio,12488603,15639475,6434770,51.09,106.84,5972247,55.05,133.8,32753,21781,1863,0.799,573004,4.9
15/11/2021,Ohio,13753451,17677495,6668715,52.5,117.66,6137306,57.05,151.23,111385,53502,4577,0.778,1454908,12.45
15/12/2021,Ohio,15260191,19118695,6966437,54.51,130.55,6371961,59.6,163.56,56655,55097,4714,0.798,2447814,20.94
15/01/2021,Oklahoma,203410,424000,173162,0.73,5.14,28917,4.38,10.72,16144,15189,3839,0.48,,
15/02/2021,Oklahoma,,,,,,,,,,14633,3698,,,
15/03/2021,Oklahoma,1483295,1981405,955816,13.07,37.49,517222,24.16,50.07,18098,26094,6594,0.749,,
15/04/2021,Oklahoma,2385570,3346035,1428544,24.64,60.29,974991,36.1,84.56,28948,26724,6754,0.713,,
15/05/2021,Oklahoma,2837491,3860065,1580832,32.2,71.71,1273983,39.95,97.55,12171,9033,2283,0.735,,
15/06/2021,Oklahoma,3126894,3967805,1720880,36.15,79.02,1430287,43.49,100.27,74852,18401,4650,0.788,,
15/07/2021,Oklahoma,3342584,4060190,1814851,39.3,84.47,1555049,45.86,102.61,6008,5458,1379,0.823,,
15/08/2021,Oklahoma,3615884,4371800,2004960,41.54,91.38,1643677,50.67,110.48,13098,12017,3037,0.827,,
15/09/2021,Oklahoma,4001703,4874370,2184635,45.85,101.13,1814425,55.21,123.18,11635,10999,2780,0.821,118923,3.01
15/10/2021,Oklahoma,4314267,5179180,2288377,48.86,109.03,1933213,57.83,130.89,10199,9523,2407,0.833,213955,5.41
15/11/2021,Oklahoma,4701153,5875130,2421090,50.9,118.81,2014148,61.19,148.48,10040,14105,3565,0.8,393956,9.96
15/12/2021,Oklahoma,5119102,6187080,2555097,52.71,129.37,2085687,64.57,156.36,18070,14751,3728,0.827,611164,15.45
15/01/2021,Oregon,146153,335075,133091,0.3,3.47,12795,3.16,7.94,16357,13848,3283,0.436,,
15/02/2021,Oregon,,,,,,,,,,17689,4194,,,
15/03/2021,Oregon,1387803,1642605,888090,12.05,32.9,508427,21.06,38.95,21332,26874,6372,0.845,,
15/04/2021,Oregon,2455797,3166385,1558998,23.43,58.23,988029,36.96,75.07,40349,42187,10002,0.776,,
15/05/2021,Oregon,3593690,4539165,2112050,38.33,85.2,1616676,50.08,107.62,37488,37516,8895,0.792,,
15/06/2021,Oregon,4349829,5550315,2407428,50.02,103.13,2109652,57.08,131.59,26902,19351,4588,0.784,,
15/07/2021,Oregon,4657136,5697915,2514382,54.95,110.42,2317504,59.61,135.09,6207,4884,1158,0.817,,
15/08/2021,Oregon,4830886,5946255,2618070,56.79,114.54,2395364,62.07,140.98,27,5537,1313,0.812,,
15/09/2021,Oregon,5104942,6515585,2765011,59.39,121.04,2504979,65.56,154.48,8423,8879,2105,0.783,43666,1.04
15/10/2021,Oregon,5420812,6944845,2847046,61.96,128.52,2613172,67.5,164.66,12947,11701,2774,0.781,183350,4.35
15/11/2021,Oregon,5932067,7758515,2947848,63.49,140.65,2677661,69.89,183.95,17967,19798,4694,0.765,537231,12.74
15/12/2021,Oregon,6561512,8326475,3074088,65.64,155.57,2768608,72.88,197.42,19828,24607,5834,0.788,955455,22.65
15/01/2021,Pennsylvania,448151,1075350,380727,0.52,3.5,66941,2.97,8.4,37737,35401,2765,0.417,,
15/02/2021,Pennsylvania,,,,,,,,,,55160,4309,,,
15/03/2021,Pennsylvania,4283453,5446125,2862957,11.11,33.46,1422010,22.36,42.54,92155,135409,10577,0.787,,
15/04/2021,Pennsylvania,8084439,10204085,5289073,24.38,63.15,3120764,41.31,79.71,147450,177412,13858,0.792,,
15/05/2021,Pennsylvania,11456614,14115885,6940458,38.62,89.49,4944458,54.21,110.26,93768,82704,6460,0.812,,
15/06/2021,Pennsylvania,13365625,15389585,7817010,47.21,104.4,6043649,61.06,120.21,47524,51203,4000,0.868,,
15/07/2021,Pennsylvania,14199798,15925325,8187472,50.97,110.92,6525132,63.95,124.4,22368,18976,1482,0.892,,
15/08/2021,Pennsylvania,14957548,16902445,8634046,53.63,116.84,6865107,67.44,132.03,27608,24926,1947,0.885,,
15/09/2021,Pennsylvania,15803009,18499295,9079748,56.54,123.44,7238415,70.92,144.5,26043,26516,2071,0.854,121438,0.95
15/10/2021,Pennsylvania,16848695,20013925,9600067,59.22,131.61,7581872,74.99,156.33,81990,42511,3321,0.842,332071,2.59
15/11/2021,Pennsylvania,,,,,,,,,,42279,3303,,,
15/12/2021,Pennsylvania,,,,,,,,,,42279,3303,,,
15/01/2021,Rhode Island,47548,108425,39381,0.77,4.49,8156,3.72,10.23,2677,2660,2511,0.439,,
15/02/2021,Rhode Island,,,,,,,,,,3372,3183,,,
15/03/2021,Rhode Island,388420,463415,276994,11.06,36.67,117146,26.15,43.74,14227,8813,8319,0.838,,
15/04/2021,Rhode Island,742268,868835,452697,30.4,70.07,322059,42.73,82.02,9139,11917,11249,0.854,,
15/05/2021,Rhode Island,1049272,1357925,597301,45.49,99.05,481912,56.38,128.18,14009,10295,9718,0.773,,
15/06/2021,Rhode Island,1226167,1492015,667199,55.74,115.75,590495,62.98,140.84,3821,4604,4346,0.822,,
15/07/2021,Rhode Island,1301351,1532005,695745,60.21,122.84,637844,65.68,144.62,2144,1772,1673,0.849,,
15/08/2021,Rhode Island,1355713,1592245,733568,62.64,127.97,663595,69.25,150.3,63,1593,1504,0.851,,
15/09/2021,Rhode Island,1426168,1673585,779273,66.44,134.63,703819,73.56,157.98,1826,2083,1966,0.852,,
15/10/2021,Rhode Island,1506807,1753575,812166,69.69,142.24,738269,76.67,165.53,3171,2482,2343,0.859,10481,0.99
15/11/2021,Rhode Island,1655839,1960955,853142,71.73,156.31,759899,80.53,185.11,6223,5919,5587,0.844,98401,9.29
15/12/2021,Rhode Island,1858004,2162695,912694,75.18,175.39,796456,86.16,204.15,6969,7812,7374,0.859,205886,19.43
15/01/2021,South Carolina,121836,350550,101722,0.38,2.37,19477,1.98,6.81,5981,13587,2639,0.348,,
15/02/2021,South Carolina,,,,,,,,,,19377,3763,,,
15/03/2021,South Carolina,1618854,1935035,1042042,11.38,31.44,586073,20.24,37.58,35354,34049,6613,0.837,,
15/04/2021,South Carolina,2775374,3790295,1717681,21.57,53.9,1110692,33.36,73.62,40586,40594,7884,0.732,,
15/05/2021,South Carolina,3543196,4855205,1985740,31.39,68.82,1615969,38.57,94.3,20243,18506,3594,0.73,,
15/06/2021,South Carolina,3965343,5186245,2179665,36.12,77.02,1859472,42.33,100.73,10993,12490,2426,0.765,,
15/07/2021,South Carolina,4285522,5379835,2326460,39.66,83.23,2041964,45.19,104.49,7081,6488,1260,0.797,,
15/08/2021,South Carolina,4580571,5826975,2530472,41.65,88.97,2144230,49.15,113.17,15264,11957,2322,0.786,,
15/09/2021,South Carolina,5042751,6614685,2762159,45.28,97.94,2331280,53.65,128.47,13009,14961,2906,0.762,122894,2.39
15/10/2021,South Carolina,5492581,7208375,2903920,48.83,106.68,2514065,56.4,140,15735,14069,2733,0.762,255339,4.96
15/11/2021,South Carolina,5978508,8114975,3036417,50.78,116.12,2614463,58.97,157.61,16582,17060,3313,0.737,515863,10.02
15/12/2021,South Carolina,6482500,8687875,3173717,52.44,125.91,2700029,61.64,168.74,14338,16651,3234,0.746,803408,15.6
15/01/2021,South Dakota,57103,93675,47389,1.09,6.45,9666,5.36,10.59,2819,2802,3167,0.61,,
15/02/2021,South Dakota,,,,,,,,,,4069,4600,,,
15/03/2021,South Dakota,378505,457035,244353,15.62,42.79,138196,27.62,51.66,5440,7462,8435,0.828,,
15/04/2021,South Dakota,611743,781065,370859,29.48,69.15,260782,41.92,88.29,7813,7354,8313,0.783,,
15/05/2021,South Dakota,748761,922975,409611,41.01,84.64,362808,46.3,104.33,6555,2487,2811,0.811,,
15/06/2021,South Dakota,799720,947205,437530,44.07,90.4,389891,49.46,107.07,2369,1973,2230,0.844,,
15/07/2021,South Dakota,832485,972315,454099,46.16,94.1,408372,51.33,109.91,931,836,945,0.856,,
15/08/2021,South Dakota,872832,1025035,481577,47.86,98.66,423439,54.44,115.87,620,1451,1640,0.852,,
15/09/2021,South Dakota,929324,1130105,511802,50.41,105.05,445921,57.85,127.74,1761,1721,1945,0.822,3219,0.36
15/10/2021,South Dakota,,,,,,,,,,1826,2064,,,
15/11/2021,South Dakota,1087703,1451665,565416,53.69,122.95,474975,63.91,164.09,323,3828,4327,0.749,81656,9.23
15/12/2021,South Dakota,1215722,1561065,612707,56.14,137.42,496608,69.26,176.46,3850,4203,4751,0.779,142638,16.12
15/01/2021,Tennessee,303338,657550,264912,0.55,4.44,37800,3.88,9.63,38625,17360,2542,0.461,,
15/02/2021,Tennessee,,,,,,,,,,24902,3646,,,
15/03/2021,Tennessee,1952377,2718400,1260166,9.82,28.59,670717,18.45,39.81,31031,41875,6132,0.718,,
15/04/2021,Tennessee,3382287,4842050,2112243,18.95,49.53,1294250,30.93,70.9,61526,46278,6777,0.699,,
15/05/2021,Tennessee,4511374,5806670,2511475,29.25,66.06,1997340,36.78,85.03,48514,29261,4285,0.777,,
15/06/2021,Tennessee,5071553,6207030,2759634,33.76,74.26,2305384,40.41,90.89,18146,20266,2968,0.817,,
15/07/2021,Tennessee,5576501,6455540,2948603,38.22,81.66,2610183,43.18,94.53,10772,9680,1417,0.864,,
15/08/2021,Tennessee,5991013,7147290,3213618,40.11,87.73,2739215,47.06,104.66,19727,16317,2389,0.838,,
15/09/2021,Tennessee,6614144,8296750,3514076,43.68,96.85,2982784,51.46,121.49,17741,19009,2783,0.797,313988,4.6
15/10/2021,Tennessee,7172617,8944530,3665053,46.73,105.03,3191338,53.67,130.98,18961,17556,2571,0.802,520452,7.62
15/11/2021,Tennessee,7810020,9994590,3791089,48.84,114.36,3335471,55.51,146.35,147,30011,4395,0.781,896461,13.13
15/12/2021,Tennessee,8564176,10673460,3952094,50.53,125.41,3450638,57.87,156.29,23988,23090,3381,0.802,1381983,20.24
15/01/2021,Texas,1160242,2105600,1003412,0.54,4,155660,3.46,7.26,116618,82927,2860,0.551,,
15/02/2021,Texas,,,,,,,,,,124715,4301,,,
15/03/2021,Texas,8547673,10967665,5509231,9.89,29.48,2866512,19,37.82,125727,210881,7273,0.779,,
15/04/2021,Texas,15897950,20813575,9813128,21.24,54.83,6158775,33.84,71.78,287830,295997,10208,0.764,,
15/05/2021,Texas,20981555,28654065,11790547,31.95,72.36,9264949,40.66,98.82,165516,131576,4538,0.732,,
15/06/2021,Texas,24367591,31171755,13431386,38.32,84.04,11111358,46.32,107.5,114802,103989,3586,0.782,,
15/07/2021,Texas,26448461,32341455,14340944,42.56,91.21,12341791,49.46,111.54,53816,52611,1814,0.818,,
15/08/2021,Texas,28671337,35306135,15834329,45.27,98.88,13127433,54.61,121.76,93579,90487,3121,0.812,,
15/09/2021,Texas,31306598,40610525,16991650,49.37,107.97,14314119,58.6,140.06,72736,74475,2568,0.771,1184029,4.08
15/10/2021,Texas,33363040,43149835,17540166,52.33,115.06,15173053,60.49,148.81,66108,60488,2086,0.773,1870921,6.45
15/11/2021,Texas,35825902,47614395,18057916,54.07,123.56,15679218,62.28,164.21,41520,81575,2813,0.752,3305782,11.4
15/12/2021,Texas,39092205,51087345,19005377,56.13,134.82,16274516,65.55,176.19,128240,117850,4064,0.765,5070263,17.49
15/01/2021,United States,12279180,31161075,10595866,0.49,3.7,1610524,3.19,9.39,1130189,798707,2406,0.394,,
15/02/2021,United States,,,,,,,,,,1662106,5006,,,
15/03/2021,United States,109081860,135847835,71054445,11.55,32.86,38335432,21.4,40.92,2021586,2427430,7312,0.803,,
15/04/2021,United States,198317040,255400665,125822868,23.64,59.73,78498290,37.9,76.93,3525204,3348189,10085,0.776,,
15/05/2021,United States,270832342,344503395,156217367,36.68,81.58,121768268,47.05,103.77,2393676,1926448,5803,0.786,,
15/06/2021,United States,311886674,374865165,174674144,43.91,93.94,145768367,52.61,112.91,1240847,1137572,3426,0.832,,
15/07/2021,United States,336054953,388738495,185135757,48.32,101.22,160408538,55.76,117.09,567174,529879,1596,0.864,,
15/08/2021,United States,356433665,415957645,198088722,50.71,107.36,168362058,59.67,125.29,664840,718962,2166,0.857,,
15/09/2021,United States,382294795,461117525,210361099,54.13,115.15,179695287,63.36,138.89,841530,762809,2298,0.829,6750339,2.03
15/10/2021,United States,406570875,493139295,218318056,56.82,122.46,188655196,65.76,148.54,1126317,843065,2539,0.824,14639588,4.41
15/11/2021,United States,442005260,553705305,227133617,58.82,133.13,195275904,68.41,166.77,1445647,1413343,4257,0.798,35231955,10.61
15/12/2021,United States,488296089,599876215,239975167,61.1,147.07,202845886,72.28,180.68,1721614,1795384,5408,0.814,61635034,18.56
15/01/2021,Utah,128210,268175,114504,0.33,4,10534,3.57,8.36,12826,10995,3430,0.478,,
15/02/2021,Utah,,,,,,,,,,2117,660,,,
15/03/2021,Utah,1008582,1144940,612437,8.3,31.46,266179,19.1,35.71,1087,24981,7792,0.881,,
15/04/2021,Utah,1784313,2120710,1097671,17.93,55.66,574862,34.24,66.15,28537,30139,9401,0.841,,
15/05/2021,Utah,2383232,2933850,1352201,28.97,74.34,928638,42.18,91.51,196,17122,5341,0.812,,
15/06/2021,Utah,2736339,3170040,1510786,35.39,85.35,1134602,47.12,98.88,33728,12834,4003,0.863,,
15/07/2021,Utah,2917259,3283220,1620289,43.63,90.99,1398606,50.54,102.41,8265,4689,1463,0.889,,
15/08/2021,Utah,,,,,,,,,,5154,1608,,,
15/09/2021,Utah,3330662,3929460,1850679,49,103.89,1570946,57.73,122.57,7125,6377,1989,0.848,51475,1.61
15/10/2021,Utah,3583897,4177780,1929414,52.45,111.79,1681658,60.18,130.31,26543,11341,3537,0.858,119210,3.72
15/11/2021,Utah,3848254,4801200,1988203,54.51,120.03,1747421,62.02,149.76,66,9695,3024,0.802,264866,8.26
15/12/2021,Utah,4323177,5259900,2120941,57.43,134.85,1841061,66.16,164.07,21413,14843,4630,0.822,519357,16.2
15/01/2021,Vermont,32470,74000,28355,0.66,5.2,4100,4.54,11.86,2899,2238,3587,0.439,,
15/02/2021,Vermont,,,,,,,,,,2937,4707,,,
15/03/2021,Vermont,239136,292890,153973,12.85,38.32,80189,24.68,46.94,7526,5771,9249,0.816,,
15/04/2021,Vermont,448151,555860,278618,29.09,71.82,181510,44.65,89.08,7330,9017,14451,0.806,,
15/05/2021,Vermont,667634,808250,399944,46.06,106.99,287383,64.09,129.53,6968,7277,11662,0.826,,
15/06/2021,Vermont,825996,908500,452570,62.66,132.37,390970,72.53,145.6,5618,3538,5670,0.909,,
15/07/2021,Vermont,,,,,,,,,,31,50,,,
15/08/2021,Vermont,860263,960340,468394,67.03,137.87,418230,75.06,153.9,911,542,869,0.896,,
15/09/2021,Vermont,885684,1021230,480143,68.72,141.94,428831,76.95,163.66,339,755,1210,0.867,18388,2.95
15/10/2021,Vermont,935114,1105650,490951,70.43,149.86,439453,78.68,177.19,2261,2475,3966,0.846,47750,7.65
15/11/2021,Vermont,1055548,1245650,512263,72.12,169.16,450002,82.09,199.63,5036,5111,8191,0.847,137453,22.03
15/12/2021,Vermont,1194972,1380300,546539,75.81,191.51,473030,87.59,221.21,3485,4686,7510,0.866,221079,35.43
15/01/2021,Virginia,244234,852725,214732,0.33,2.86,28164,2.52,9.99,26398,17876,2094,0.286,,
15/02/2021,Virginia,,,,,,,,,,36818,4314,,,
15/03/2021,Virginia,2951945,3291575,1913741,12.75,34.58,1088037,22.42,38.56,59659,66502,7791,0.897,,
15/04/2021,Virginia,5345259,6490115,3442211,24.45,62.62,2086620,40.33,76.04,76931,85845,10057,0.824,,
15/05/2021,Virginia,7581907,9189605,4356689,40,88.83,3414563,51.04,107.66,67757,56581,6629,0.825,,
15/06/2021,Virginia,8849286,10154245,4903404,48.82,103.68,4166713,57.45,118.96,57745,34496,4041,0.871,,
15/07/2021,Virginia,9447214,10533095,5138204,53.24,110.68,4544376,60.2,123.4,14588,14143,1657,0.897,,
15/08/2021,Virginia,9922979,11158625,5419318,55.61,116.26,4746980,63.49,130.73,616,13489,1580,0.889,,
15/09/2021,Virginia,10532337,12377655,5703726,58.74,123.39,5014100,66.82,145.01,16463,19421,2275,0.851,193024,2.26
15/10/2021,Virginia,11272570,13241155,5948301,61.88,132.07,5281437,69.69,155.13,32277,25030,2932,0.851,438015,5.13
15/11/2021,Virginia,12482776,15023025,6265770,64.08,146.25,5469858,73.41,176.01,76767,52137,6108,0.831,1159530,13.58
15/12/2021,Virginia,13842098,16411695,6607100,66.97,162.17,5716261,77.41,192.28,38116,40210,4711,0.843,1943470,22.77
15/01/2021,Washington,242606,696175,200682,0.41,3.19,31581,2.64,9.14,17368,15680,2059,0.348,,
15/02/2021,Washington,,,,,,,,,,35136,4614,,,
15/03/2021,Washington,2626048,3132270,1686163,12.54,34.49,954856,22.14,41.13,63519,58966,7744,0.838,,
15/04/2021,Washington,4712952,5782200,2938944,25.36,61.89,1930996,38.59,75.93,71553,77578,10188,0.815,,
15/05/2021,Washington,6731255,8316630,3913794,39.45,88.4,3003937,51.4,109.22,67379,62496,8207,0.809,,
15/06/2021,Washington,8155835,9195030,4510832,51.07,107.1,3889031,59.24,120.75,39173,33847,4445,0.887,,
15/07/2021,Washington,8812249,9542725,4771190,56.3,115.72,4287564,62.66,125.32,14289,13568,1782,0.923,,
15/08/2021,Washington,9214579,9994275,5004272,58.79,121.01,4476641,65.72,131.25,19143,14563,1912,0.922,,
15/09/2021,Washington,,,,,,,,,,3976,522,,,
15/10/2021,Washington,9940603,11828255,5201997,62.4,130.54,4751900,68.31,155.33,22000,20286,2664,0.84,385801,5.07
15/11/2021,Washington,10771800,13397335,5369088,64.21,141.46,4889678,70.51,175.94,15,31310,4112,0.804,928718,12.2
15/12/2021,Washington,12016673,14733545,5658896,66.91,157.8,5094770,74.31,193.48,434,39820,5229,0.816,1691376,22.21
15/01/2021,West Virginia,134207,205475,113034,1.18,7.49,21162,6.31,11.47,15547,10292,5743,0.653,,
15/02/2021,West Virginia,,,,,,,,,,9532,5319,,,
15/03/2021,West Virginia,686081,823965,418889,14.57,38.28,261032,23.37,45.98,1745,11953,6670,0.833,,
15/04/2021,West Virginia,1046956,1449365,610291,24.97,58.42,447532,34.05,80.87,10174,10421,5815,0.722,,
15/05/2021,West Virginia,1248326,1731955,678430,32.77,69.66,587339,37.86,96.64,6661,5123,2859,0.721,,
15/06/2021,West Virginia,1369587,1871625,756579,35.76,76.42,640909,42.22,104.43,1873,4735,2642,0.732,,
15/07/2021,West Virginia,1479829,1919425,818952,38.75,82.57,694533,45.7,107.1,642,458,256,0.771,,
15/08/2021,West Virginia,1496486,2088325,833229,39.3,83.5,704399,46.49,116.53,186,660,368,0.717,,
15/09/2021,West Virginia,1529079,2904675,853358,40,85.32,716779,47.62,162.08,1100,1063,593,0.526,1429,0.08
15/10/2021,West Virginia,1578070,3052725,871421,40.79,88.05,731033,48.62,170.34,1871,1469,820,0.517,19544,1.09
15/11/2021,West Virginia,1598146,3325145,884330,41.17,89.17,737859,49.34,185.54,187,461,257,0.481,20581,1.15
15/12/2021,West Virginia,,,,,,,,,,35161,19619,,,
15/01/2021,Wisconsin,169803,437900,151387,0.29,2.92,17108,2.6,7.52,19848,10850,1863,0.388,,
15/02/2021,Wisconsin,,,,,,,,,,30043,5160,,,
15/03/2021,Wisconsin,2107896,2233235,1346547,12.94,36.2,753712,23.13,38.36,35030,43283,7434,0.944,,
15/04/2021,Wisconsin,3807818,4347885,2361298,26.72,65.4,1555733,40.56,74.67,48642,62848,10794,0.876,,
15/05/2021,Wisconsin,5121318,5693955,2791987,41.25,87.96,2401965,47.95,97.79,36657,29050,4989,0.899,,
15/06/2021,Wisconsin,5694573,6031505,3057511,46.92,97.8,2732030,52.51,103.59,13914,15250,2619,0.944,,
15/07/2021,Wisconsin,6038525,6211325,3173147,50.88,103.71,2962428,54.5,106.68,7895,6632,1139,0.972,,
15/08/2021,Wisconsin,6284010,6631145,3321738,52.55,107.93,3059567,57.05,113.89,275,7200,1237,0.948,,
15/09/2021,Wisconsin,6628053,7186715,3490067,55.2,113.84,3213846,59.94,123.43,8742,9684,1663,0.922,185493,3.19
15/10/2021,Wisconsin,7052393,7848125,3600776,57.5,121.12,3347656,61.84,134.79,19891,16589,2849,0.899,374839,6.44
15/11/2021,Wisconsin,7815645,8996335,3743467,58.98,134.23,3434200,64.29,154.51,26866,33216,5705,0.869,918185,15.77
15/12/2021,Wisconsin,8727382,9797375,3909345,61.11,149.89,3557802,67.14,168.27,32007,37174,6385,0.891,1549062,26.61
15/01/2021,Wyoming,22745,58775,19931,0.48,3.93,2803,3.44,10.16,2969,2093,3616,0.387,,
15/02/2021,Wyoming,,,,,,,,,,3312,5723,,,
15/03/2021,Wyoming,212499,270015,129287,14.02,36.72,81121,22.34,46.65,589,3846,6645,0.787,,
15/04/2021,Wyoming,317222,462605,183899,23.46,54.81,135799,31.77,79.93,111,4058,7012,0.686,,
15/05/2021,Wyoming,378677,495435,204468,30.34,65.43,175581,35.33,85.6,2236,1272,2198,0.764,,
15/06/2021,Wyoming,410113,510585,221700,33.23,70.86,192334,38.31,88.22,1924,989,1709,0.803,,
15/07/2021,Wyoming,437278,520635,234681,35.91,75.55,207857,40.55,89.96,1158,569,983,0.84,,
15/08/2021,Wyoming,456986,545675,248696,37.3,78.96,215857,42.97,94.28,190,692,1196,0.837,,
15/09/2021,Wyoming,503068,629645,272715,40.25,86.92,232968,47.12,108.79,1252,1277,2206,0.799,18560,3.21
15/10/2021,Wyoming,545589,696085,287627,42.9,94.27,248274,49.7,120.27,3223,1603,2770,0.784,32224,5.57
15/11/2021,Wyoming,603509,798655,301660,44.79,104.28,259238,52.12,137.99,108,2224,3843,0.756,66346,11.46
15/12/2021,Wyoming,662860,846525,317789,46.74,114.53,270496,54.91,146.27,155,1520,2626,0.783,99451,17.18